Bugi,67%
Stixxay,65%
Solo,63%
Insanity,56%
Mia,69%
Isles,58%
SoHwan,58%
Armao,60%
Contractz,67%
Yeon,65%
cody,63%
Jensen,65%
Luger,62%
Kaori,76%
Chime,58%
Takeover,52%
Poome,60%
Trevor,57%
Tactical,59%
Maple,58%
ADD,64%
Huni,90%
Palafox,58%
Ackerman,65%
ry0ma,68%
Arrow,54%
Dhokla,49%
Keine,49%
Yukino,53%
Tomio,47%
Jenkins,75%
Doublelift,50%
Ceo,50%
Stunt,67%
S0ul,54%
JayJ,51%
Srtty,48%
River,48%
Kenvi,54%
Alive,59%
Pretty,57%
Breezy,47%
Concept,56%
eXyu,53%
Pridestalkr,52%
AnDa,63%
Gryffinn,54%
Revenge,51%
Josedeodo,54%
Neo,50%
Hyper,53%
Ariendel,48%
Lourlo,49%
Blaber,67%
IgNar,64%
Tomo,52%
Philip,50%
Nightstar,46%
Perry,56%
Messages,56%
Mireu,50%
Dinka,57%
Busio,80%
Lost,67%
Instinct,48%
Eyla,47%
Acce,53%
JimieN,57%
Johnsun,53%
Geiger,53%
CoreJJ,63%
Crash,44%
Skeeto,48%
Smoothie,46%
Triple,57%
Seize,52%
donbray,60%
Sword,47%
Diamond,46%
aphromoo,50%
Akaadian,46%
Tempos,67%
Spirax,47%
Allorim,57%
Licorice,55%
Hans sama,75%
Spica,45%
Dimitry,50%
Keel,45%
Slow,50%
Wixxi,47%
Leza,49%
Vulcan,47%
Zothve,45%
TOWN,47%
Lyg,47%
toucouille,50%
Destiny,50%
Newbie,60%
BMFX,50%
Clyde,44%
Bradley,48%
Qit0ng,60%
Lonely,60%
Enigma,42%
Misterdot,67%
Draco,43%
Svmmy,40%
Just,67%
Sandflame,45%
Haeri,44%
miya,100%
Kolthro,100%
Keith,50%
Tomeito,100%
Gamsu,100%
Blue,44%
Shenyi,39%
DARKWINGS,50%
Warangelus,50%
Snaker,45%
Top,39%
Ophelia,39%
Sybr,50%
APA,50%
duong pro,50%
Aloned,42%
Raheen,50%
Braine,50%
Minui,42%
Trixter,50%
winter,50%
Kenji,43%
Spawn,40%
Oddie,43%
Baekh0,40%
Soligo,41%
Array,41%
Ablazeolive,40%
Jelly,39%
Pobelter,36%
Nemesis9,33%
Jauny,39%
Darshan,36%
Kitzuo,33%
Niles,33%
Bardito,33%
Krim,38%
Zerito,33%
Ssumday,0%
huhi,0%
LE0,0%
Chad,38%
Daption,33%
Faisal,33%
Doxa,0%
Airren,0%
Scoooped,0%
Baula,0%
Kumo,0%
Actor,0%
Stevenator,36%
RJS,37%
Munchy,25%
Joey,29%
dtro18,0%
Shadow,0%
Meslo,35%
Ayukura,0%
Traffi,0%
Zamudo,35%
Straight,20%
Saico,20%
Jido,33%
SolidSnake,36%
Leemo,20%
Lens,37%
Meech,0%
Nyma,25%
Smalls,0%
Tenacity,20%
devin,27%
Grell,22%
Will,0%
Sketch,20%
Yuuji,27%
Whitelotus,0%
Plut0,21%
Biofrost,0%
